accuracy,precision,recall,f1,roc_auc,confusion_matrix,model,best_params
0.628099173553719,0.4166666666666667,0.24390243902439024,0.3076923076923077,0.5182926829268293,"[[66, 14], [31, 10]]",LightGBM,"{'clf__learning_rate': 0.1, 'clf__max_depth': 5, 'clf__n_estimators': 200, 'clf__num_leaves': 31}"
0.6446280991735537,0.4166666666666667,0.12195121951219512,0.18867924528301888,0.5496951219512196,"[[73, 7], [36, 5]]",SVC,"{'clf__C': 2.0, 'clf__gamma': 'scale', 'clf__kernel': 'rbf'}"
