{
  "kmeans": {
    "K": [
      2,
      3,
      4,
      5,
      6,
      7,
      8,
      9
    ],
    "inertia": [
      15305.685301174171,
      14557.92139893995,
      14031.895548607956,
      13592.226242402692,
      13218.972643182486,
      12895.146920507801,
      12640.097707066689,
      12365.477612788554
    ],
    "silhouette": [
      0.09418023269039999,
      0.07529317925031018,
      0.07036597319539876,
      0.06540985036951971,
      0.06535976881136188,
      0.06433557060211555,
      0.06666468242273642,
      0.0653860045640201
    ],
    "ch": [
      69.4875849827179,
      51.85125857958974,
      43.27607746970397,
      38.278725528746286,
      34.800669415805885,
      32.16924036990728,
      29.794961682356842,
      28.25093186735042
    ],
    "best_k": 2
  },
  "kmeans_final": {
    "silhouette": 0.09418023269039999,
    "db": 2.9113373760668564,
    "ch": 69.4875849827179
  },
  "dbscan": {
    "silhouette": NaN,
    "db": NaN,
    "ch": NaN
  },
  "agg": {
    "silhouette": 0.04225551059371201,
    "db": 3.565530916262119,
    "ch": 25.800171521916543
  },
  "gmm": {
    "silhouette": 0.044187727833784246,
    "db": 4.467862643929262,
    "ch": 29.227920153489215
  }
}