cluster_label_used,mean,median,count
0,0.8910755459107554,1.0,303
1,0.8857286846566179,1.0,299
