{
  "0": {
    "cluster": 0,
    "count": 303,
    "numeric_summary": {
      "age": {
        "mean": 31.05280528052805,
        "median": 26.0,
        "std": 10.633128774486195,
        "min": 12.0,
        "max": 67.0
      },
      "purchase_frequency": {
        "mean": NaN,
        "median": NaN,
        "std": NaN,
        "min": NaN,
        "max": NaN
      },
      "customer_reviews_importance": {
        "mean": 3.1419141914191417,
        "median": 3.0,
        "std": 0.9814465769164331,
        "min": 1.0,
        "max": 5.0
      },
      "personalized_recommendation_frequency_1": {
        "mean": 3.217821782178218,
        "median": 3.0,
        "std": 0.8566525070307744,
        "min": 1.0,
        "max": 5.0
      },
      "rating_accuracy": {
        "mean": 3.174917491749175,
        "median": 3.0,
        "std": 0.7407919802957578,
        "min": 1.0,
        "max": 5.0
      },
      "shopping_satisfaction": {
        "mean": 3.155115511551155,
        "median": 3.0,
        "std": 0.7925764236180326,
        "min": 1.0,
        "max": 5.0
      },
      "rating_accuracy_num": {
        "mean": 3.174917491749175,
        "median": 3.0,
        "std": 0.7407919802957578,
        "min": 1.0,
        "max": 5.0
      },
      "customer_reviews_importance_num": {
        "mean": 3.1419141914191417,
        "median": 3.0,
        "std": 0.9814465769164331,
        "min": 1.0,
        "max": 5.0
      },
      "recommendation_helpfulness_num": {
        "mean": 3.0,
        "median": 3.0,
        "std": 0.0,
        "min": 3.0,
        "max": 3.0
      },
      "shopping_satisfaction_num": {
        "mean": 3.155115511551155,
        "median": 3.0,
        "std": 0.7925764236180326,
        "min": 1.0,
        "max": 5.0
      },
      "saveforlater_frequency_num": {
        "mean": 2.9768976897689767,
        "median": 3.0,
        "std": 1.0561053715056645,
        "min": 1.0,
        "max": 5.0
      },
      "cart_completion_frequency_num": {
        "mean": 2.947194719471947,
        "median": 3.0,
        "std": 0.8634504850334336,
        "min": 1.0,
        "max": 5.0
      },
      "ts_year": {
        "mean": 2023.0,
        "median": 2023.0,
        "std": 0.0,
        "min": 2023.0,
        "max": 2023.0
      },
      "ts_month": {
        "mean": 6.0,
        "median": 6.0,
        "std": 0.0,
        "min": 6.0,
        "max": 6.0
      },
      "ts_day": {
        "mean": 8.092409240924093,
        "median": 8.0,
        "std": 2.260671925296024,
        "min": 4.0,
        "max": 16.0
      },
      "ts_hour": {
        "mean": 16.15841584158416,
        "median": 16.0,
        "std": 5.075716776317463,
        "min": 0.0,
        "max": 23.0
      },
      "ts_weekday": {
        "mean": 2.4917491749174916,
        "median": 2.0,
        "std": 1.8995724274365369,
        "min": 0.0,
        "max": 6.0
      },
      "timestamp_topic_0": {
        "mean": 0.1596647587681069,
        "median": 0.0336796536674412,
        "std": 0.24314218719648384,
        "min": 0.027841889173084,
        "max": 0.832644918897657
      },
      "timestamp_topic_1": {
        "mean": 0.16847094904229176,
        "median": 0.0339477828807549,
        "std": 0.24740007702886183,
        "min": 0.0278594376517493,
        "max": 0.8605151631068977
      },
      "timestamp_topic_2": {
        "mean": 0.2198890298421569,
        "median": 0.0340235903085396,
        "std": 0.29476078317938864,
        "min": 0.0278425822189953,
        "max": 0.860476337431833
      },
      "timestamp_topic_3": {
        "mean": 0.18200418675702262,
        "median": 0.0337915511280558,
        "std": 0.27617585869211686,
        "min": 0.0278339361913774,
        "max": 0.8602326284972822
      },
      "timestamp_topic_4": {
        "mean": 0.15113114025336097,
        "median": 0.033632292277207,
        "std": 0.24414166682544775,
        "min": 0.0278368055362928,
        "max": 0.8603273969097641
      },
      "timestamp_topic_5": {
        "mean": 0.1188399353370606,
        "median": 0.0335540552870892,
        "std": 0.21069980946907677,
        "min": 0.0278473195713361,
        "max": 0.860302948315086
      },
      "purchase_categories_topic_0": {
        "mean": 0.31185619077327,
        "median": 0.1801228724025039,
        "std": 0.23690642421651634,
        "min": 0.0868156385412483,
        "max": 0.9165157481572956
      },
      "purchase_categories_topic_1": {
        "mean": 0.68814380922673,
        "median": 0.8198771275974961,
        "std": 0.23690642421651614,
        "min": 0.0834842518427043,
        "max": 0.9131843614587516
      },
      "cart_abandonment_factors_topic_0": {
        "mean": 0.5193894239173752,
        "median": 0.5,
        "std": 0.3652192471467176,
        "min": 0.1250428283408851,
        "max": 0.9166431756145148
      },
      "cart_abandonment_factors_topic_1": {
        "mean": 0.48061057608262475,
        "median": 0.5,
        "std": 0.36521924714671683,
        "min": 0.083356824385485,
        "max": 0.8749571716591149
      },
      "cluster_kmeans": {
        "mean": 0.0,
        "median": 0.0,
        "std": 0.0,
        "min": 0.0,
        "max": 0.0
      },
      "cluster_dbscan": {
        "mean": -1.0,
        "median": -1.0,
        "std": 0.0,
        "min": -1.0,
        "max": -1.0
      },
      "cluster_agg": {
        "mean": 0.052805280528052806,
        "median": 0.0,
        "std": 0.22401451223944738,
        "min": 0.0,
        "max": 1.0
      },
      "cluster_gmm": {
        "mean": 0.3201320132013201,
        "median": 0.0,
        "std": 0.46729882777013204,
        "min": 0.0,
        "max": 1.0
      },
      "cluster_label_used": {
        "mean": 0.0,
        "median": 0.0,
        "std": 0.0,
        "min": 0.0,
        "max": 0.0
      },
      "churn_risk_score": {
        "mean": 0.8910755459107554,
        "median": 1.0,
        "std": 0.15657057432981808,
        "min": 0.5027397260273972,
        "max": 1.0
      },
      "recency_days": {
        "mean": 188.5214521452145,
        "median": 191.0,
        "std": 100.63210174949172,
        "min": 1.0,
        "max": 361.0
      },
      "avg_purchase_value": {
        "mean": 49.842322779273466,
        "median": 50.28038234231805,
        "std": 9.844951345852897,
        "min": 22.621770233983014,
        "max": 75.37480969475392
      },
      "support_tickets": {
        "mean": 0.8811881188118812,
        "median": 1.0,
        "std": 0.9237892958730506,
        "min": 0.0,
        "max": 4.0
      }
    },
    "top_categorical": {
      "timestamp": "2023/06/04 10:13:28 PM GMT+5:30",
      "gender": "Female",
      "purchase_categories": "Beauty and Personal Care",
      "personalized_recommendation_frequency": "Sometimes",
      "browsing_frequency": "Few times a week",
      "product_search_method": "categories",
      "search_result_exploration": "Multiple pages",
      "add_to_cart_browsing": "Maybe",
      "cart_completion_frequency": "Sometimes",
      "cart_abandonment_factors": "Changed my mind or no longer need the item"
    }
  },
  "1": {
    "cluster": 1,
    "count": 299,
    "numeric_summary": {
      "age": {
        "mean": 30.525083612040135,
        "median": 27.0,
        "std": 9.737935553045487,
        "min": 3.0,
        "max": 64.0
      },
      "purchase_frequency": {
        "mean": NaN,
        "median": NaN,
        "std": NaN,
        "min": NaN,
        "max": NaN
      },
      "customer_reviews_importance": {
        "mean": 1.8093645484949832,
        "median": 1.0,
        "std": 0.979887987134025,
        "min": 1.0,
        "max": 5.0
      },
      "personalized_recommendation_frequency_1": {
        "mean": 2.1739130434782608,
        "median": 2.0,
        "std": 0.9464815128454194,
        "min": 1.0,
        "max": 5.0
      },
      "rating_accuracy": {
        "mean": 2.1638795986622075,
        "median": 2.0,
        "std": 0.7485330164595541,