{
  "0": 0.8811881188118812,
  "1": 1.4013377926421404
}